comment,product_id,version_id,usage,usage_fil,enc_no,enc_name,edn_no,edn_date,upd_no,upd_date,comp_scale,min_x,min_y,max_x,max_y,USAGE_ID,NAME,DATSET,COMMEN,PRODUCT_STATUS,SETISSUEDATEONEXPORT,COMPSC,MIN_X,MIN_Y,MAX_X,MAX_Y
update,809,571903,,,,NZ204_pre publication South Island Light List,1,,0,,10000000,166.1104738,-48.07716,174.6435493,-40.3474549,26,,,,Active,N,,,,,
update,810,572902,,,,North Island,1,,0,,25000000,172.4078,-41.664,179.245,-34.039,26,,,,Active,N,,,,,
update,813,576902,,,,Pre-production South Island LL_2,1,,0,,10000000,166.1188,-48.065,174.63,-40.33,26,,,,Active,N,,,,,
update,816,579903,,,,South Island test_26-03-20,1,,0,,10000000,166.1104738,-48.07716,174.6435493,-40.3474549,26,,,,Active,N,,,,,
update,822,586902,,,,Chatham Island SR test,1,,0,,10000000,-177.399827,-44.1418315,-176.051518,-43.211966,26,,,,Active,N,,,,,
update,851,625903,,,,South Island test 08-07-20,1,,0,,10000000,166.0742,-48.05279,174.6325,-40.33564,26,,,,Active,N,,,,,
current,820,583904,Coastal,90000,NU300131,South Pacific Ocean - Niue,1,20200421,0,20200421,90000,-170.2266667,-19.3666667,-169.5233333,-18.75,,,,,,,,,,,
update,820,629903,,,NU300131,NU300131 - South Pacific Ocean - Niue,1,,1,20200721,90000,-170.2266667,-19.3666667,-169.5233333,-18.75,15,,,NU300131 -,Active,Y,,,,,
unchanged,817,629904,Approach,22000,NU400131,NU400131 - Niue - Beverage Reef,1,,1,20200722,45000,-167.8766667,-20.1083333,-167.6416667,-19.8866667,17,,,NU400131 -,Active,Y,,,,,
unchanged,821,584902,Harbour,4000,NU500131,NU500131 - South Pacific Ocean - Niue - Alofi Anchorage,1,,0,20200421,4000,-169.9341667,-19.0583333,-169.9166667,-19.0463333,24,,,NU500131 -,Active,Y,,,,,
unchanged,823,630904,Harbour,4000,NU501311,NU501311 - South Pacific Ocean - Niue - Entrance to Beveridge Reef,1,,1,20200722,22000,-167.791664,-20.0116651,-167.7649988,-19.9841649,20,,,NU501311 -,Active,Y,,,,,
unchanged,211,24201,Overview,1500000,NZ114606,NZ114606 - Tonga to Archipel des Tuamotu,1,20120821,0,20120821,3500000,-167,-27.9083333,-153.5,-7.5,9,,,NZ114606 -,Active,N,,,,,
unchanged,221,25101,Overview,1500000,NZ114612,NZ114612 - NZ14612 - Chatham Islands to Pacific-Antarctic Rise,1,20120619,0,20120619,3500000,-177.1666667,-56.3333333,-143.8333333,-42.5,9,,,NZ114612 -,Active,N,,,,,
unchanged,212,24301,Overview,1500000,NZ114613,NZ114613 - Chatham Islands to Ile Rapa,1,20120614,0,20120614,3500000,-174.5716667,-42.5,-143.8333333,-27.9083333,9,,,NZ114613 -,Active,N,,,,,
unchanged,589,364904,Overview,1500000,NZ11490E,NZ11490E,1,,0,20170815,1500000,160.6666667,-78.5,179.9999983,-65.3333333,10,,,NZ11490E -,Active,Y,,,,,
unchanged,594,364909,Overview,1500000,NZ11490W,NZ11490W- NZ14900 - Southern Ocean - Ross Sea - West,1,,0,20170822,1500000,-179.9999983,-78.5,-170.6666667,-65.3333333,10,,,NZ11490W -,Active,Y,,,,,
unchanged,592,461904,Overview,1500000,NZ14065E,NZ14065E - NZ14065 - Southern Ocean - Ross Sea to New Zealand - East,2,,1,20180918,10000000,145.51,-78.9183333,179.9999983,-49.4780556,8,,,NZ14065E -,Active,Y,,,,,
rejected,596,364912,,,NZ14065W,NZ14065W - NZ14065 - Ross Sea to New Zealand – West,4,,0,20170831,10000000,-179.9999983,-78.9183333,-173,-78.5,8,,,NZ14065W -,Active,Y,,,,,
unchanged,596,364912,Overview,1500000,NZ14065W,NZ14065W - NZ14065 - Ross Sea to New Zealand – West,4,,0,20170831,10000000,-179.9999983,-70.55,-163.65624,-48.8703462,8,,,NZ14065W -,Active,Y,,,,,
unchanged,276,525906,Overview,1500000,NZ14600E,NZ14600E - New Zealand including Norfolk Island and Campbell Island / Motu Ihupuku - East,2,,9,20190522,3500000,161.7046667,-53,180,-28.0833333,9,,,NZ14600E -,Active,Y,,,,,
unchanged,216,24701,Overview,1500000,NZ14600W,NZ14600W - New Zealand including Norfolk Island and Campbell Island / Motu Ihupuku - West,1,20120614,0,20120614,3500000,-180,-53,-174.5716667,-28.0833333,9,,,NZ14600W -,Active,N,,,,,
update,217,462902,,,NZ14605E,NZ14605E - New Zealand to Fiji and Samoa Islands - East,1,20120615,9,20180925,3500000,171.5716667,-28.0833333,180,-7.5,9,,,NZ14605E -,Active,N,,,,,
unchanged,779,545904,Overview,1500000,NZ14605E,NZ14605E - NZ to Fiji and Samoa Islands - East,2,,0,20190926,3500000,171.5716667,-28.0833333,179.9999983,-7.5,9,,,NZ14605E -,Active,Y,,,,,
unchanged,214,545903,Overview,1500000,NZ14605W,NZ14605W - New Zealand to Fiji and Samoa Islands - West,1,20120824,10,20190930,3500000,-180,-37.9233333,-167,-7.5,9,,,NZ14605W -,Active,Y,,,,,
unchanged,295,36901,General,350000,NZ200021,NZ200021 - Norfolk Island To Cape Egmont,1,,0,20130328,1500000,167.6333333,-38.6,176.5,-27.4333333,10,,,NZ200021 -,Active,N,,,,,
unchanged,681,653903,General,350000,NZ200023,NZ200023 - New Zealand - North Island,4,,9,20201105,1500000,170.65,-43.7836117,179.9999983,-32.5,10,,,NZ200023 -,Active,Y,,,,,
unchanged,249,477906,General,350000,NZ200024,NZ200024 - Western Approaches to South Island,1,,1,20181130,700000,160,-48.4,169.3666667,-37.7333333,11,,,NZ200024 -,Active,N,,,,,
unchanged,235,635903,General,350000,NZ200025,NZ200025 - New Zealand - South Island,2,20120919,5,20200813,1500000,165.6666667,-48.9333333,175,-38.6,10,,,NZ200025 -,Active,Y,,,,,
unchanged,814,577902,General,350000,NZ200026,NZ200026 - East Cape to Cook Strait including Chatham Islands,2,,0,20200424,700000,-179.9999983,-42.5,-170.7666667,-37.5,11,,,NZ200026 -,Active,N,,,,,
unchanged,252,461903,General,350000,NZ200028,NZ200028 - Stewart Island/Rakiura To Macquarie Island,1,,1,20180918,700000,158.6666667,-56,168.0333333,-48.4,11,,,NZ200028 -,Active,N,,,,,
unchanged,254,361901,General,350000,NZ200029,NZ200029 - Stewart Island/Rakiura to Campbell Island/Motu Ihupuku,1,,2,20170731,700000,168.0333333,-56,176,-48.11991,11,,,NZ200029 -,Active,Y,,,,,
update,238,28701,,,NZ200093,NZ200093 - Cook Islands,1,20121017,0,20121017,1500000,-166.3333334,-22.3333333,-156.8333333,-8.3333333,10,,,NZ200093 -,Active,N,,,,,
unchanged,233,27101,General,350000,NZ20022E,NZ20022E - East,2,20120914,0,20120914,1500000,176.5,-34.311068,180,-25.6333333,10,,,NZ20022E -,Active,N,,,,,
unchanged,232,573902,General,350000,NZ20022W,NZ20022W - NZ - SP Ocean - Kermadec Island to East Cape - West,2,20120830,1,20200310,1500000,-180,-38.0671,-174,-25.6333333,10,,,NZ20022W -,Active,N,,,,,
unchanged,255,30701,General,350000,NZ20027E,NZ20027E - Chatham Islands to Bounty Islands - East,1,,0,20121120,700000,174.6666667,-49.0666667,179.9999983,-43.7836117,11,,,NZ20027E -,Active,N,,,,,
unchanged,257,31001,General,350000,NZ20027W,NZ20027W - West,1,,0,20121203,700000,-179.9999983,-49.0666667,-170.7333333,-42.5,11,,,NZ20027W -,Active,N,,,,,
unchanged,251,30301,General,350000,NZ20031E,NZ20031E - Bounty and Antipodes Islands and Part of the Southern Ocean - East,1,,0,20121204,700000,176,-56,179.9999983,-49.0666667,11,,,NZ20031E -,Active,N,,,,,
unchanged,253,30501,General,350000,NZ20031W,NZ20031W - Bounty and Antipodes Islands and Part of the Southern Ocean - West,1,,0,20121204,700000,-179.9999983,-56,-174.6,-49.0666667,11,,,NZ20031W -,Active,N,,,,,
unchanged,772,529906,General,350000,NZ214628,NZ214628 -  Pacific Ocean - Cook Islands,1,,0,20190620,1500000,-168.1,-22.3333333,-156.8333333,-7.9166667,10,,,NZ214628 -,Active,N,,,,,
unchanged,239,28801,General,350000,NZ214629,NZ214629 – Samoa Islands to Northern Cook Islands and Tokelau,1,20121018,0,20121018,1500000,-175.2,-16.5,-162.1791667,-7.3,10,,,NZ214629 -,Active,N,,,,,
update,540,290901,,,NZ214630,NZ14630 - Samoa Islands to Southern Cook Islands,1,,0,20170502,1500000,-168.1,-22.1,-163.8875,-16.5,10,,,NZ214630 -,Active,Y,,,,,
unchanged,248,647903,General,350000,NZ214631,NZ214631,1,,6,20201007,1500000,-177.566666,-26,-168.1,-12.0000001,10,,,NZ214631 -,Active,Y,,,,,
unchanged,591,364906,General,350000,NZ214909,NZ214909 – NZ14909 – ANTARCTICA – Ross Sea – Cape Hooker To Coulman Island,1,,0,20170830,350000,165,-73.0833333,174.1666667,-69.3,12,,,NZ214909 -,Active,Y,,,,,
unchanged,848,619902,General,350000,NZ24638E,NZ24638E - East,2,,0,20200622,1500000,175.8043334,-27.3333333,179.9999983,-18.2473122,10,,,NZ24638E -,Active,N,,,,,
rejected,849,621902,,,NZ24638W,NZ24638W - West,2,,0,20200622,1500000,-178.3,-16.731592,-177.566666,-15.5016667,10,,,NZ24638W -,Active,N,,,,,
unchanged,849,621902,General,350000,NZ24638W,NZ24638W - West,2,,0,20200622,1500000,-179.9999983,-25.6333333,-177.566666,-20.210421,10,,,NZ24638W -,Active,N,,,,,
unchanged,684,431901,Coastal,90000,NZ300041,NZ300041 - NZ41 - North Cape,3,,0,20180529,180000,171.6866642,-35.5266702,173.1833393,-33.6000024,14,,,NZ300041 -,Active,Y,,,,,
unchanged,682,450901,Coastal,90000,NZ300042,NZ300042 - Cape Reinga to Manukau Harbour,3,,1,20180705,180000,172.3833333,-37.25,174.633333,-35.2000075,13,,,NZ300042 -,Active,Y,,,,,
unchanged,752,600902,Coastal,90000,NZ300043,NZ300043 - Manukau Harbour to Cape Egmont,2,,2,20200511,180000,172.6371667,-39.3315,174.8834983,-36.9058045,13,,,NZ300043 -,Active,Y,,,,,
unchanged,749,651902,Coastal,90000,NZ300045,NZ300045 - Cape Egmont to Rangitikei River,3,,1,20201020,180000,172.9999927,-40.3733333,175.3333351,-39.2066769,14,,,NZ300045 -,Active,Y,,,,,
update,544,432904,,,NZ300046,NZ300046 - NZ 46 - Cook Strait,2,,2,20180530,180000,173.9166667,-41.2585431,175.4166664,-40.2816677,14,,,NZ300046 -,Active,Y,,,,,
unchanged,767,525903,Coastal,90000,NZ300046,NZ300046 - NZ 46 - Cook Strait,3,,0,20190521,180000,173.9166667,-41.2585431,175.4166664,-40.2816677,14,,,NZ300046 -,Active,Y,,,,,
unchanged,683,430901,Coastal,90000,NZ300051,NZ300051 - Tauroa Point to Cape Brett,3,,0,20180529,180000,172.5333328,-35.2000075,174.863335,-33.9600037,14,,,NZ300051 -,Active,Y,,,,,
unchanged,545,312901,Coastal,90000,NZ300053,NZ300053 – NZ53 - Bream Head to Slipper Island including Hauraki Gulf,9,,0,20170513,180000,174.982,-37.0833346,176.6666582,-35.833331,14,,,NZ300053 -,Active,Y,,,,,
unchanged,811,573905,Coastal,90000,NZ300054,NZ300054 - Cuvier Island (Repanga Island) to East Cape,2,,0,20200314,180000,176.4835034,-38.0166667,179,-36.2666667,13,,,NZ300054 -,Active,Y,,,,,
unchanged,807,569905,Coastal,90000,NZ300055,NZ300055 - Cape Runaway to Kahutara Point,3,,0,20200318,180000,177.8166723,-39.166675,179.3166562,-37.3166579,14,,,NZ300055 -,Active,Y,,,,,
unchanged,541,544907,Coastal,90000,NZ300056,NZ300056 - Table Cape to Blackhead Point,4,,13,20190916,180000,176.7166605,-40.2333415,179.0499956,-39.0399994,14,,,NZ300056 -,Active,Y,,,,,
unchanged,537,516903,Coastal,90000,NZ300057,NZ300057 - Blackhead Point to Castle Point,2,,3,20190329,180000,175.9833327,-41.1000037,178.3166777,-39.949995,14,,,NZ300057 -,Active,Y,,,,,
unchanged,528,367907,Coastal,90000,NZ300058,NZ300058 - East Coast - Castle Point to Cape Palliser,3,,3,20170907,180000,175.2666585,-42.0499943,177.599993,-40.8983272,14,,,NZ300058 -,Active,Y,,,,,
unchanged,765,606902,Coastal,90000,NZ300061,NZ300061 - Karamea River to Stephens Island,3,,1,20200526,180000,171.7666667,-41.3166667,173.9166667,-40.1666741,14,,,NZ300061 -,Active,Y,,,,,
update,706,457904,,,NZ300062,NZ300062 - Cape Palliser/Matakitakiakupe to Kaikoura Peninsula,3,,0,20180725,180000,173.3333333,-42.6166667,175.6666667,-41.465,14,,,NZ300062 -,Active,Y,,,,,
unchanged,768,525907,Coastal,90000,NZ300062,NZ300062 - Cape Palliser/Matakitakiakupe to Kaikoura Peninsula,4,,0,20190527,180000,173.3333333,-42.6166667,175.6666667,-41.465,14,,,Cape Palli,Active,Y,,,,,
unchanged,797,645904,Coastal,90000,NZ300063,NZ300063,5,,3,20200928,180000,172.6333333,-43.9666667,174.1500015,-42.2499992,14,,,NZ300063 -,Active,Y,,,,,
unchanged,501,642905,Coastal,90000,NZ300064,NZ300064 - Banks Peninsula to Otago Peninsula,2,,5,20200909,350000,170.5833333,-46.5166667,173.5833333,-43.2000026,12,,,NZ300064 -,Active,Y,,,,,
unchanged,498,518902,Coastal,90000,NZ300066,NZ300066 - Katiki Point to Nugget Point,2,,1,20190402,180000,169.7,-47,171.2000081,-45.3833303,14,,,NZ300066 -,Active,N,,,,,
unchanged,468,570902,Coastal,90000,NZ300068,NZ300068 - South Island - Nugget Point to Raratoka Island (Centre Island),2,,2,20200228,180000,167.750004,-47.3833333,170.0833351,-46.3333334,14,,,NZ300068 -,Active,N,,,,,
unchanged,472,635902,Coastal,90000,NZ300069,NZ300069 - Stewart Island/Rakiura,2,,1,20200813,180000,167,-47.7566667,168.5500019,-46.1333364,14,,,NZ300069 -,Active,Y,,,,,
unchanged,748,588902,Coastal,90000,NZ300071,NZ300071 Greymouth to Kahurangi Point,2,,2,20200501,180000,170.75,-42.4666667,172.2499998,-40.7166679,14,,,NZ300071 -,Active,Y,,,,,
unchanged,815,577903,Coastal,90000,NZ300072,NZ300072 - Cape Foulwind to Heretaniwha Point,2,,0,20200428,180000,169.3666667,-43.75,171.6166663,-41.1666654,13,,,NZ300072 -,Active,N,,,,,
unchanged,745,506902,Coastal,90000,NZ300073,NZ300073 - Abut Head to Milford Sound,2,,0,20190314,180000,167,-44.6416667,170.4999982,-43.0166663,13,,,NZ300073 -,Active,Y,,,,,
unchanged,503,230901,Coastal,90000,NZ300076,NZ300076 - Western Approaches to Foveaux Strait,2,,0,20161109,180000,165.5666667,-47.3333333,168.0000001,-44.5500004,13,,,NZ300076 -,Active,N,,,,,
unchanged,753,545902,Coastal,90000,NZ300082,NZ300082 - Tonga,2,,1,20190926,700000,-177,-23,-172.5,-16.3333333,11,,,NZ300082 -,Active,Y,,,,,
unchanged,754,594902,Coastal,90000,NZ300086,NZ300086 -South Pacific Ocean - Samoa Islands,3,,1,20200505,350000,-173.3333333,-15.3,-168.8,-12.4666667,12,,,NZ300086 -,Active,Y,,,,,
unchanged,608,369910,Coastal,90000,NZ300222,NZ300222 - Kermadec Islands,1,,0,20170927,180000,-179.3,-31.5833334,-177.3333333,-28.9166667,13,,,NZ300222 -,Active,Y,,,,,
unchanged,824,590902,Coastal,90000,NZ300252,NZ300252 - Lake Wakatipu,1,,0,20200608,90000,168.1666667,-45.3666667,168.9666667,-44.7051851,15,,,NZ300252 -,Active,Y,,,,,
unchanged,634,616905,Coastal,90000,NZ300268,NZ300268 - South Pacific Ocean - Chatham Islands,1,,5,20200608,180000,-177.9433333,-44.5333333,-175.4999993,-43.3983331,14,,,NZ300268 -,Active,Y,,,,,
unchanged,570,547902,Coastal,90000,NZ300286,NZ300286 – Auckland Islands,1,,1,20191001,90000,165.4166971,-51.399987,166.7499687,-50.0833604,15,,,NZ300286 -,Active,Y,,,,,
unchanged,703,525905,Coastal,90000,NZ300443,NZ300443 - Approaches to Port Taranaki,3,,3,20190521,90000,173.25,-39.7166667,174.3500067,-38.3833305,15,,,NZ300443 -,Active,Y,,,,,
unchanged,763,544902,Coastal,90000,NZ300463,NZ300463 - Approaches to Wellington,6,,1,20190916,90000,174.1133333,-41.64,175.2999999,-41.0344007,15,,,NZ300463 -,Active,Y,,,,,
unchanged,552,623902,Coastal,90000,NZ300512,NZ300512 - Cape Karikari To Cape Brett,3,,4,20200630,90000,173.3168328,-35.3314957,174.4534983,-34.7398289,15,,,NZ300512 -,Active,Y,,,,,
unchanged,510,653904,Coastal,90000,NZ300521,NZ30521 - Cape Brett To Bream Tail,4,,3,20201105,90000,174.2833333,-36.05,174.982,-35.1625,15,,,NZ300521 -,Active,Y,,,,,
unchanged,675,458901,Coastal,90000,NZ300522,NZ300522 - Bream Tail to Kawau Island Including Great Barrier Island (Aotea Island),4,,1,20180806,90000,174.5501667,-36.4478333,175.6368333,-35.8815,15,,,NZ300522 -,Active,Y,,,,,
unchanged,517,457903,Coastal,90000,NZ300531,NZ300531 - Great Barrier Island (Aotea Island) To Mercury Bay,2,,1,20180725,90000,175.5972479,-36.8731667,176.0218333,-35.9948333,15,,,NZ300531 -,Active,Y,,,,,
unchanged,845,617902,Coastal,90000,NZ300533,NZ300533 - North Island - East Coast - Firth of Thames,3,,0,20200616,90000,175.1001667,-37.2481667,175.6101629,-36.9483333,15,,,NZ300533 -,Active,Y,,,,,
unchanged,511,240901,Coastal,90000,NZ300534,NZ300534  Mercury Bay to Katikati Entrance,3,,0,20161213,90000,175.7834995,-37.2416667,176.4835034,-36.6198372,15,,,NZ300534 -,Active,Y,,,,,
unchanged,423,633903,Coastal,90000,NZ300541,NZ300541 - Mayor Island (Tuhua) to Okurei Point,2,,3,20200804,90000,175.7166667,-37.7983333,176.8033343,-37.2416667,15,,,NZ300541 -,Active,Y,,,,,
unchanged,789,555906,Coastal,90000,NZ300542,NZ300542 - Motiti Island to Pehitari Point,3,,0,20191126,90000,176.4,-38.0166667,177.5166644,-37.4499973,15,,,NZ300542 -,Active,Y,,,,,
unchanged,410,605903,Coastal,90000,NZ300614,NZ300614 - Tasman Bay,3,,13,20200526,90000,172.75,-41.275,173.7666665,-40.7066667,15,,,NZ300614 -,Active,Y,,,,,
unchanged,761,637902,Coastal,90000,NZ300615,NZ300615 - Marlborough Sounds,5,,2,20200828,90000,173.75,-41.465,174.4999999,-40.5816664,15,,,NZ300615 -,Active,Y,,,,,
unchanged,463,367901,Coastal,90000,NZ300661,NZ300661 - Approaches to Otago Harbour,2,,2,20170906,90000,170.4998996,-46.1485103,171.0832287,-45.5820089,15,,,NZ300661 -,Active,Y,,,,,
unchanged,460,150901,Coastal,90000,NZ300681,NZ300681 - Approaches to Bluff and Riverton - Aparima,3,,0,20160531,90000,167.75,-46.93853,169.0333341,-46.3364136,15,,,NZ300681 -,Active,N,,,,,
unchanged,695,616903,Coastal,90000,NZ305321,NZ305321 - NZ532 - North Island - East Coast - Approaches to Auckland - East,6,,2,20200608,90000,175.1588058,-36.9483333,175.72,-36.3816667,15,,,NZ305321 -,Active,Y,,,,,
current,696,655902,Coastal,90000,NZ305322,North Island - East Coast - Approaches to Auckland - West,8,20180702,7,20201110,90000,174.63333,-36.94833,175.15881,-36.38167,,,,,,,,,,,
update,696,657903,,,NZ305322,NZ305322 - NZ532 - North Island - East Coast - Approaches to Auckland - West,8,,8,20201120,90000,174.6333333,-36.9483333,175.1588058,-36.3816667,15,,,NZ305322 -,Active,Y,,,,,
unchanged,730,490904,Coastal,90000,NZ308851,NZ308851 - Tokelau,2,,0,20190129,350000,-173.25,-10.1666667,-170.3083333,-7.3,12,,,NZ308851 -,Active,Y,,,,,
unchanged,731,490905,Coastal,90000,NZ308852,NZ308852 - Tokelau - Atafu,2,,0,20190129,90000,-172.6116667,-8.695,-172.3616667,-8.4416667,15,,,NZ308852 -,Active,Y,,,,,
unchanged,732,490906,Coastal,90000,NZ308853,NZ308853 - Nukunonu,2,,0,20190129,90000,-171.9583333,-9.3071667,-171.675,-9.0128333,15,,,NZ308853 -,Active,Y,,,,,
unchanged,733,490907,Coastal,90000,NZ308854,NZ308854 - Fakaofo,2,,0,20190129,90000,-171.3833333,-9.5291667,-171.1,-9.2683333,15,,,NZ308854 -,Active,Y,,,,,
unchanged,557,327901,Coastal,90000,NZ309451,NZ309451 - Pukapuka,2,,0,20170620,90000,-165.98697,-10.977015,-165.7703033,-10.7836817,15,,,NZ309451 -,Active,Y,,,,,
unchanged,665,401903,Coastal,90000,NZ309452,NZ309452 - Suwarrow,2,,0,20180220,90000,-163.2316667,-13.38,-163.0133333,-13.1666667,15,,,NZ309452 -,Active,Y,,,,,
unchanged,350,46601,Coastal,90000,NZ314908,NZ314908 - Cape Adare to Cape Daniell,1,,0,20140130,180000,168.3333333,-72.7666667,172,-71,14,,,NZ314908 -,Active,Y,,,,,
unchanged,344,45501,Coastal,90000,NZ314912,NZ314912 - Balleny Islands,1,,0,20140219,180000,160,-67.9833333,165.75,-65.1666667,13,,,NZ314912 -,Active,Y,,,,,
unchanged,610,370902,Coastal,90000,NZ331111,NZ331111 - Approaches to Bounty Islands,1,,0,20171009,90000,178.8691667,-47.8931667,179.1525,-47.6416667,15,,,NZ331111 -,Active,Y,,,,,
unchanged,613,370907,Coastal,90000,NZ331112,NZ331112 - Antipodes Island Group,1,,0,20171009,90000,178.6133334,-49.8166667,179.01,-49.5283333,15,,,NZ331112 -,Active,Y,,,,,
unchanged,609,560902,Coastal,90000,NZ331113,NZ331113 - Campbell Island/Motu Ihupuku,1,,2,20200115,90000,168.6166667,-52.8436667,169.65,-52.24,15,,,NZ331113 -,Active,Y,,,,,
unchanged,716,475902,Coastal,90000,NZ382151,NZ382151 - Niuafo'ou,2,,0,20181213,90000,-175.715,-15.6775,-175.565,-15.5366667,15,,,NZ382151 -,Active,Y,,,,,
unchanged,718,477907,Coastal,90000,NZ382152,NZ3825152 - Niuatoputopu and Tafahi,2,,0,20181213,90000,-173.8616667,-16.0416667,-173.7116667,-15.7875,15,,,NZ382152 -,Active,Y,,,,,
unchanged,808,570905,Approach,22000,NZ400055,NZ400055 - Ranfurly Bank,3,,0,20200316,45000,178.7950056,-37.6366759,178.9383213,-37.556676,16,,,NZ400055 -,Active,Y,,,,,
unchanged,747,507903,Approach,22000,NZ400073,NZ400073 - Jackson Bay,2,,0,20190314,45000,168.6083329,-44.0078645,168.683335,-43.9316668,17,,,NZ400073 -,Active,Y,,,,,
unchanged,757,509902,Approach,45000,NZ400232,NZ400232 - Lake Taupo (Taupomoana),1,,0,20200610,45000,175.7,-39.0516667,176.1716667,-38.625,16,,,NZ400232 -,Active,Y,,,,,
unchanged,825,590903,Approach,45000,NZ400252,NZ400252 - Queenstown Bay to Picnic Point,1,,0,20200608,45000,168.4916667,-45.125,168.6666667,-45.0283333,17,,,NZ400252 -,Active,Y,,,,,
unchanged,523,622904,Approach,22000,NZ400561,NZ400561 - NZ561 - Approaches to Napier,4,,10,20200623,45000,176.7616644,-39.6733196,177.1616689,-39.2483455,16,,,NZ400561 -,Active,Y,,,,,
unchanged,796,645903,Approach,22000,NZ400632,NZ400632 -NZ632 - South Island - East Coast - Banks Peninsula,5,,1,20200928,45000,172.6333333,-43.9983333,173.5469996,-43.5728307,16,,,NZ400632 -,Active,Y,,,,,
unchanged,738,531902,Approach,22000,NZ400822,NZ400822 - Vava'u Group,3,,1,20190704,45000,-174.1916667,-18.9766667,-173.8916667,-18.5333333,17,,,NZ400822 -,Active,Y,,,,,
unchanged,637,407901,Approach,22000,NZ400864,NZ400864 - Apolima Strait,2,,1,20180308,45000,-172.2666667,-13.9166667,-171.8083333,-13.6333333,17,,,NZ400864 -,Active,Y,,,,,
unchanged,640,575903,Approach,22000,NZ400865,NZ400865 – Approaches to Apia,2,,2,20200316,45000,-171.875,-13.9833333,-171.4166667,-13.6916667,17,,,NZ400865 -,Active,N,,,,,
unchanged,564,338901,Approach,22000,NZ400955,NZ400955 - Aitutaki,2,,0,20170614,45000,-159.897015,-19.0197967,-159.6666817,-18.7647967,17,,,NZ400955 -,Active,Y,,,,,
unchanged,758,509903,Approach,22000,NZ402321,NZ402321- Horomatangi Reef,1,,0,20200610,22000,175.9633333,-38.8316667,176.0166667,-38.7883333,19,,,NZ402321 -,Active,Y,,,,,
unchanged,828,592902,Approach,22000,NZ402325,NZ402325 - Plans in Lake Taupo (Taupomoana) - Western Bay,1,,0,20200610,22000,175.725,-38.8233333,175.9266667,-38.6466667,18,,,NZ402325 -,Active,Y,,,,,
unchanged,373,616906,Approach,22000,NZ402683,NZ402683 - Approaches to Waitangi,1,,7,20200608,45000,-176.9883333,-44.0716667,-176.5228333,-43.7881667,17,,,NZ402683 -,Active,Y,,,,,
unchanged,374,616907,Approach,22000,NZ402687,NZ402687 - Pitt Strait,1,,3,20200608,45000,-176.5,-44.265,-176.0983333,-43.9775,17,,,NZ402687 -,Active,N,,,,,
unchanged,626,377901,Approach,22000,NZ404111,NZ404111 - Three Kings Islands,2,,0,20180103,22000,171.9383333,-34.2449999,172.2566665,-34.0733333,19,,,NZ404111 -,Active,Y,,,,,
unchanged,489,202901,Approach,22000,NZ404212,NZ404212,1,,0,20160914,22000,173.245,-35.6483333,173.6050002,-35.2767073,18,,,NZ404212 -,Active,Y,,,,,
unchanged,624,642902,Approach,22000,NZ404265,NZ404265 - Kaipara Harbour,2,,1,20200909,45000,173.8333333,-36.6833333,174.458336,-35.9250017,16,,,NZ404265 -,Active,Y,,,,,
unchanged,697,449901,Approach,22000,NZ404314,NZ404314 - NZ4314 - Manukau Harbour,4,,0,20180705,45000,174.3418331,-37.1648331,174.8668335,-36.8898333,17,,,NZ404314 -,Active,Y,,,,,
unchanged,393,409901,Approach,22000,NZ404424,NZ404424 - Taharoa Offshore Terminal,1,,3,20180315,22000,174.5983333,-38.2416667,174.73,-38.1,20,,,NZ404424 -,Active,Y,,,,,
unchanged,755,508904,Approach,22000,NZ404432,NZ404432 - TARANAKI ROADS,2,,0,20190521,22000,173.96,-39.075,174.1466667,-38.9666667,20,,,NZ404432 -,Active,Y,,,,,
unchanged,487,200902,Approach,22000,NZ404631,NZ404631,2,,0,20160912,22000,174.8466667,-40.92,175.0533332,-40.8049999,20,,,NZ404631 -,Active,Y,,,,,
unchanged,389,553902,Approach,22000,NZ404633,NZ404633 - Wellington Harbour,4,,15,20191111,22000,174.7366667,-41.4483333,174.925,-41.2233333,20,,,NZ404633 -,Active,Y,,,,,
unchanged,499,221901,Approach,22000,NZ405111,NZ405111 - Parengarenga Harbour,1,,0,20161025,22000,172.935,-34.5633333,173.0304998,-34.4948503,18,,,NZ405111 -,Active,Y,,,,,
unchanged,532,272901,Approach,22000,NZ405113,NZ405113 - Rangaunu Bay and Awanui River Approaches,1,,0,20170323,45000,173.1083333,-35.05,173.405,-34.765,17,,,NZ405113 -,Active,Y,,,,,
unchanged,424,624902,Approach,22000,NZ405124,NZ405124 - Kerikeri Inlet and Te Puna Inlet,2,,4,20200701,22000,173.9616667,-35.2833373,174.1,-35.1383333,20,,,NZ405124 -,Active,Y,,,,,
unchanged,421,653906,Approach,22000,NZ405125,NZ405125 - Bay of Islands,1,,4,20201105,22000,174.065,-35.2866667,174.345,-35.14,20,,,NZ405125 -,Active,Y,,,,,
unchanged,320,653907,Approach,22000,NZ405219,NZ405219 - NZ5219 - Approaches to Marsden Point,2,,7,20201105,45000,174.4583333,-36.1333333,174.8083333,-35.6916667,17,,,NZ405219 -,Active,Y,,,,,
unchanged,556,463902,Approach,22000,NZ405221,NZ405521 - Cradock Channel and Mokohinau Islands,3,,1,20181010,45000,175.025,-36.2916667,175.375,-35.85,17,,,NZ405221 -,Active,Y,,,,,
unchanged,562,333901,Approach,22000,NZ405222,NZ405222 - Great Barrier Is. (Aotea Is.),3,,0,20170603,45000,175.2333333,-36.425,175.5833333,-35.9833333,17,,,NZ405222 -,Active,Y,,,,,
unchanged,744,654902,Approach,22000,NZ405227,NZ405227 - Te H?were-A-Maki/Goat Island To Waiwera River,3,,4,20201109,22000,174.6583333,-36.5583333,174.9483333,-36.205,18,,,NZ405227 -,Active,Y,,,,,
unchanged,416,62101,Approach,22000,NZ405312,NZ405312 - Cape Colville to Great Mercury Island (Ahuahu) including Cuvier Island (Repanga Island),1,,0,20151104,45000,175.285,-36.7716667,175.8316667,-36.3966635,17,,,NZ405312 -,Active,N,,,,,
unchanged,509,555904,Approach,22000,NZ405318,NZ405318 – Great Mercury Island (Ahuahu) to Otara Bay,1,,2,20191125,45000,175.6716667,-36.9583333,176.0233333,-36.5166667,17,,,NZ405318 -,Active,Y,,,,,
unchanged,690,544908,Approach,22000,NZ405321,NZ405321 - MAHURANGI HARBOUR TO RANGITOTO ISLAND,5,,5,20190916,22000,174.6666667,-36.81,174.9566667,-36.4566667,18,,,NZ405321 -,Active,Y,,,,,
current,691,629902,Approach,22000,NZ405324,North Island - East Coast - Tamaki Strait and Approaches including Waiheke Island,5,20180620,5,20200721,22000,174.83,-36.91,175.26833,-36.68333,,,,,,,,,,,
update,691,657902,,,NZ405324,NZ405324 - TAMAKI STRAIT AND APPROACHES INCLUDING WAIHEKE ISLAND,5,,6,20201120,22000,174.83,-36.91,175.2683333,-36.6833333,18,,,NZ405324 -,Active,Y,,,,,
unchanged,654,616904,Approach,22000,NZ405327,NZ405327 - Waiheke Is. to Coromandel Peninsula,3,,3,20200608,22000,175.1816597,-36.9616667,175.4733403,-36.6016757,18,,,NZ405327 -,Active,Y,,,,,
unchanged,399,633902,Approach,22000,NZ405411,NZ405411 - Tauranga Harbour - Katikati Entrance to Mount Maunganui,3,,8,20200804,22000,175.906667,-37.73,176.2433333,-37.4100002,18,,,NZ405411 -,Active,Y,,,,,
unchanged,407,178901,Approach,22000,NZ405413,NZ405413   Approaches to Tauranga,3,,1,20160712,45000,176.1396667,-37.7866667,176.6383334,-37.5016667,17,,,NZ405413 -,Active,Y,,,,,
unchanged,795,558903,Approach,22000,NZ405423,NZ405423 - Approaches to Whakaari/White Island,4,,0,20191206,45000,176.7833333,-37.61,177.3366667,-37.325,17,,,NZ405423 -,Active,Y,,,,,
unchanged,471,635904,Approach,22000,NZ405571,NZ405571 - v2 - Poverty Bay and Approaches to Gisborne,3,,6,20200813,22000,177.9116667,-38.7616667,178.083,-38.6616667,20,,,NZ405571 -,Active,Y,,,,,
unchanged,531,605902,Approach,22000,NZ406142,NZ406142 - NZ6142 - Nelson Harbour and Entrance,3,,7,20200526,22000,173.1833208,-41.2866691,173.455,-41.1316661,18,,,NZ406142 -,Active,Y,,,,,
unchanged,750,604902,Approach,22000,NZ406144,NZ406144 - Abel Tasman,2,,1,20200525,22000,172.875,-41.0616667,173.1383333,-40.75,19,,,NZ406144 -,Active,Y,,,,,
unchanged,656,637903,Approach,22000,NZ406152,NZ406152 - NZ6152 - South Island - North Coast - Pelorus Sound/Te Hoiere and Havelock,1,,3,20200828,45000,173.7516667,-41.3116667,174.1434751,-40.8566664,17,,,NZ406152 -,Active,Y,,,,,
unchanged,766,574902,Approach,22000,NZ406155,NZ406155 - Queen Charlotte Sound Totaranui - Northern Approaches,1,,1,20200312,22000,174.23,-41.1783333,174.5,-40.85,18,,,NZ406155 -,Active,Y,,,,,
unchanged,440,378903,Approach,22000,NZ406324,NZ406324 - NZ6324 - South Island - East Coast - Akaroa Harbour,3,,3,20171114,22000,172.8583333,-43.915,173.03,-43.745,19,,,NZ406324 -,Active,Y,,,,,
unchanged,453,558902,Approach,22000,NZ406422,NZ406422 -  Approaches to Timaru,3,,7,20191206,22000,171.2376669,-44.4593336,171.448333,-44.2583332,19,,,NZ406422 -,Active,Y,,,,,
unchanged,456,143901,Approach,22000,NZ406433,NZ406433 - Approaches to Oamaru,1,,0,20160525,22000,170.8783333,-45.2283333,171.1000002,-45.025,18,,,NZ406433 -,Active,Y,,,,,
unchanged,461,151901,Approach,22000,NZ406811,NZ406811 - Riverton - Aparima,2,,0,20160531,22000,168,-46.3883333,168.0833333,-46.3366667,18,,,NZ406811 -,Active,N,,,,,
unchanged,778,570904,Approach,22000,NZ406825,NZ406825 - Stewart Island - Paterson Inlet,3,,1,20200228,22000,167.9575,-46.9983333,168.3,-46.8316667,18,,,NZ406825 -,Active,Y,,,,,
update,842,613902,,,NZ407132,NZ407132 - Approaches to Westport,2,,0,20201007,22000,171.4083333,-41.7958333,171.6833334,-41.6383333,18,,,NZ407132 -,Active,Y,,,,,
unchanged,864,647904,Approach,22000,NZ407132,NZ407132 - Approaches to Westport,3,,0,20201007,22000,171.4083333,-41.7958333,171.6833334,-41.6383333,18,,,NZ407132 -,Active,Y,,,,,
unchanged,852,653902,Approach,22000,NZ407142,NZ407142-Approaches to Greymouth,2,,1,20201105,22000,171.1133333,-42.4783333,171.2833334,-42.3033333,19,,,STED:3.1.3,Active,Y,,,,,
unchanged,455,142901,Approach,22000,NZ407622,NZ407622 - NZ7622 - South Island - West Coast - Milford Sound/Piopiotahi to Sutherland Sound,2,,0,20160527,45000,167.25,-44.8,167.9916666,-44.458333,17,,,NZ407622 -,Active,Y,,,,,
update,844,615902,,,NZ407623,NZ407623 - Bligh Sound to Caswell Sound,2,,0,20201007,45000,167,-45.075,167.7499998,-44.7333336,17,,,NZ407623 -,Active,Y,,,,,
unchanged,866,647906,Approach,22000,NZ407623,NZ407623 - Bligh Sound to Caswell Sound,3,,0,20201007,45000,167,-45.075,167.7499998,-44.7333336,17,,,NZ407623 -,Active,Y,,,,,
current,158,522902,Approach,22000,NZ407624,South Island - West Coast - Charles Sound to Dagg Sound,1,20110527,1,20190424,45000,166.71667,-45.515,167.20833,-44.98167,,,,,,,,,,,
update,158,569903,,,NZ407624,NZ407624 - Charles Sound to Dagg Sound,1,20110527,2,20200227,45000,166.7166667,-45.515,167.2083332,-44.9816667,17,,,NZ407624 -,Active,N,,,,,
unchanged,128,510903,Approach,22000,NZ407653,NZ407653 Breaksea Sound and Dusky Sound,1,20110303,2,20190315,45000,166.26,-45.835,167.0166662,-45.4833336,17,,,NZ407653 -,Active,N,,,,,
unchanged,473,171901,Approach,22000,NZ407654,NZ407654 - Chalky and Preservation Inlets,1,,0,20160701,45000,166.1583333,-46.1616667,166.921667,-45.8100002,17,,,NZ407654 -,Active,Y,,,,,
unchanged,741,598902,Approach,22000,NZ408275,NZ408275 - Approaches to Nuku'alofa Harbour,3,,2,20200508,22000,-175.2966667,-21.1933333,-175.1133333,-20.9266667,19,,,NZ408275 -,Active,Y,,,,,
unchanged,639,386913,Approach,22000,NZ408641,NZ408641 - Matautu Bay,2,,0,20180118,45000,-172.3916667,-13.46,-172.3416667,-13.4,17,,,NZ408641 -,Active,Y,,,,,
unchanged,712,603902,Approach,22000,NZ409451,NZ409451 - Nassau,3,,1,20200522,45000,-165.4514733,-11.6156466,-165.3773067,-11.50698,16,,,NZ409451 -,Active,Y,,,,,
unchanged,711,473901,Approach,22000,NZ409452,NZ409452 - Manihiki,3,,0,20181121,45000,-161.0852734,-10.4960367,-160.9044399,-10.3360367,16,,,NZ409452 -,Active,Y,,,,,
unchanged,710,472901,Approach,22000,NZ409453,NZ409453 - Rakahanga,3,,0,20181121,45000,-161.127855,-10.059685,-161.0528549,-9.972185,17,,,NZ409453 -,Active,Y,,,,,
unchanged,674,415903,Approach,22000,NZ409454,NZ409454 - Penrhyn,3,,0,20180413,45000,-158.1316667,-9.15,-157.8066667,-8.8516667,16,,,NZ409454 -,Active,Y,,,,,
unchanged,723,483902,Approach,22000,NZ409551,NZ409551 - Mauke,3,,0,20181222,45000,-157.4086375,-20.2333087,-157.2666843,-20.1000047,16,,,NZ409551 -,Active,Y,,,,,
unchanged,725,483904,Approach,22000,NZ409552,NZ409552 - Cook Islands - Mangaia,3,,0,20181222,45000,-158.003595,-22.0288433,-157.8264283,-21.83551,16,,,NZ409552 -,Active,Y,,,,,
unchanged,659,400902,Approach,22000,NZ409553,NZ409553 - Cook Islands - Atiu,2,,0,20180209,45000,-158.1833333,-20.1,-158.05,-19.9066667,16,,,NZ409553 -,Active,Y,,,,,
unchanged,728,484904,Approach,22000,NZ409554,NZ409554 - Takutea,3,,0,20181222,45000,-158.3469067,-19.8519567,-158.23024,-19.7769567,16,,,NZ409554 -,Active,Y,,,,,
unchanged,727,484903,Approach,22000,NZ409555,NZ409555 - Manuae,3,,0,20181222,45000,-159.000985,-19.3228867,-158.8846517,-19.21672,16,,,NZ409555 -,Active,Y,,,,,
unchanged,724,483903,Approach,22000,NZ409556,NZ409556 - Cook Islands - Palmerston,3,,0,20181222,45000,-163.2247967,-18.11079,-163.0847967,-17.9774567,16,,,NZ409556 -,Active,Y,,,,,
unchanged,726,484902,Approach,22000,NZ409557,NZ409557 - Cook Islands - Mitiaro,3,,0,20181222,45000,-157.77471,-19.937285,-157.6330433,-19.80395,16,,,NZ409557 -,Active,Y,,,,,
unchanged,686,435901,Approach,22000,NZ409558,NZ409558 - Rarotonga - 3,4,,0,20180605,22000,-159.8991767,-21.323605,-159.65419,-21.14866,18,,,NZ409558 -,Active,Y,,,,,
update,341,469901,,,NZ414901,NZ414901 - Cape Royds to Pram Point,1,,1,20181112,45000,165.6166667,-77.9083333,167.2,-77.38,17,,,NZ414901 -,Active,Y,,,,,
unchanged,785,551902,Approach,22000,NZ414901,NZ414901 - Cape Royds to Pram Point,2,,0,20191026,45000,165.6166667,-77.9083333,167.2,-77.38,17,,,NZ414901 -,Active,Y,,,,,
unchanged,351,46801,Approach,22000,NZ414907,NZ414907 - Possession islands,1,,0,20140205,45000,170.6,-72.0416667,171.3966667,-71.7016667,17,,,NZ414907 -,Active,Y,,,,,
unchanged,342,45301,Approach,22000,NZ41493E,NZ41493E - Approaches to Scott Island - East,1,,0,20140116,45000,179.5333333,-67.6666667,179.9998333,-67,16,,,NZ41493E -,Active,Y,,,,,
unchanged,347,45802,Approach,22000,NZ41493W,NZ41493E - Approaches to Scott Island - West,1,,0,20140121,45000,-179.9998333,-67.6666667,-179.35,-67,16,,,NZ41493W -,Active,Y,,,,,
unchanged,349,46501,Approach,22000,NZ414961,NZ414961 - Cape Hallett,1,,0,20140131,45000,169.8316667,-72.3666667,170.745,-72.1516667,17,,,NZ414961 -,Active,Y,,,,,
unchanged,353,47001,Approach,22000,NZ414962,NZ414962 - Cape Adare,1,,0,20140131,45000,169.9333333,-71.3666667,170.8,-71.155,17,,,NZ414962 -,Active,Y,,,,,
unchanged,604,367918,Approach,22000,NZ422251,NZ422251 - Raoul Island,1,,0,20170923,22000,-178.0166667,-29.33,-177.8216666,-29.1983333,19,,,NZ422251 -,Active,Y,,,,,
unchanged,605,367919,Approach,22000,NZ422252,NZ422252 - Curtis and Cheeseman Islands,1,,0,20170923,22000,-178.605,-30.6016667,-178.5083333,-30.475,19,,,NZ422252 -,Active,Y,,,,,
unchanged,606,367920,Approach,22000,NZ422253,NZ422253 - Macauley Island,1,,0,20170923,22000,-178.4766667,-30.2933333,-178.38,-30.1666667,19,,,NZ422253 -,Active,Y,,,,,
unchanged,607,368901,Approach,22000,NZ424111,NZ424111 - Snares Islands/Tini Heke,1,,0,20170925,22000,166.4333333,-48.1,166.6883333,-47.9699999,19,,,NZ424111 -,Active,Y,,,,,
unchanged,602,367916,Approach,22000,NZ424112,NZ424112 - Solander Island (Hautere),1,,0,20170925,22000,166.8166667,-46.64,166.9999998,-46.5099999,19,,,NZ424112 -,Active,Y,,,,,
unchanged,567,546903,Approach,22000,NZ428621,NZ428621 - Enderby Island to Smith Harbour,2,,2,20191003,45000,166.125,-50.7416667,166.3883333,-50.4583333,17,,,NZ428621 -,Active,Y,,,,,
unchanged,568,547903,Approach,22000,NZ428622,NZ428622 - Smith Harbour to South Cape,2,,1,20191003,45000,165.8666667,-50.9416667,166.3,-50.6583333,17,,,NZ428622 -,Active,Y,,,,,
unchanged,611,370903,Approach,22000,NZ431111,NZ431111 - Perseverance Harbour,1,,0,20171019,45000,169.1286667,-52.6033333,169.34,-52.5333333,17,,,NZ431111 -,Active,Y,,,,,
unchanged,612,370904,Approach,22000,NZ431112,NZ431112 - Bounty Islands,1,,0,20171009,22000,178.9916667,-47.78605,179.08625,-47.72225,20,,,NZ431112 -,Active,Y,,,,,
unchanged,614,370908,Approach,22000,NZ431113,NZ431113 - Anchorage Bay,1,,0,20171009,22000,178.7733333,-49.6947223,178.845,-49.6216667,20,,,NZ431113 -,Active,Y,,,,,
unchanged,526,265901,Approach,22000,NZ451141,NZ451141 - NZ5114 - Doubtless Bay,2,,0,20170322,22000,173.365,-34.9983333,173.5766666,-34.7716666,18,,,NZ451141 -,Active,Y,,,,,
unchanged,527,363902,Approach,22000,NZ451142,NZ451142 - NZ5114 - Whangaroa Harbour and Approaches,2,,1,20170811,22000,173.6933333,-35.0836667,173.8258335,-34.9416666,20,,,NZ451142 -,Active,Y,,,,,
unchanged,858,641902,Approach,22000,NZ455511,NZ455511 - Tokomaru Bay,3,,0,20200907,22000,178.2833333,-38.18,178.4166668,-38.0900001,18,,,NZ455511 -,Active,Y,,,,,
unchanged,859,642903,Approach,22000,NZ455512,NZ455512 - Waipiro Bay,3,,0,20200909,22000,178.2833333,-38.0666667,178.4166668,-38,18,,,NZ455512 -,Active,Y,,,,,
update,837,608903,,,NZ455513,NZ455513 - Hicks Bay,2,,0,20201005,22000,178.27,-37.6,178.3600002,-37.5549999,18,,,NZ455513 -,Active,Y,,,,,
unchanged,861,646902,Approach,22000,NZ455513,NZ455513 - Hicks Bay,3,,0,20201005,22000,178.27,-37.6,178.3600002,-37.5549999,18,,,NZ455513 -,Active,Y,,,,,
update,838,609902,,,NZ455514,NZ455514 - Anaura Bay,2,,0,20201005,22000,178.2833333,-38.2633333,178.4250002,-38.2166669,18,,,NZ455514 -,Active,Y,,,,,
unchanged,862,646903,Approach,22000,NZ455514,NZ455514 - Anaura Bay,3,,0,20201005,22000,178.2833333,-38.2633333,178.4250002,-38.2166669,18,,,NZ455514 -,Active,Y,,,,,
update,839,610902,,,NZ455515,NZ455515 - Tolaga Bay,2,,0,20201005,22000,178.2666667,-38.3933333,178.4083336,-38.3333333,18,,,NZ455515 -,Active,Y,,,,,
unchanged,863,646904,Approach,22000,NZ455515,NZ455515 - Tolaga Bay,3,,0,20201005,22000,178.2666667,-38.3933333,178.4083336,-38.3333333,18,,,NZ455515 -,Active,Y,,,,,
unchanged,652,628902,Approach,22000,NZ461511,"NZ461511 - NZ6151 - Approaches to Te Aumiti, French Pass",2,,3,20200720,22000,173.7133307,-41.035,173.9821659,-40.8816667,19,,,NZ461511 -,Active,Y,,,,,
unchanged,621,628903,Approach,22000,NZ461512,NZ461512 - Forsyth And Guards Bays,1,,2,20200721,22000,174.0066667,-41.0566667,174.1633333,-40.9249999,19,,,NZ461512 -,Active,Y,,,,,
unchanged,618,372907,Approach,22000,NZ461513,NZ461513 - Stephens Passage,1,,0,20171129,22000,173.9366667,-40.7033333,174.0166665,-40.6549999,19,,,NZ461513 -,Active,Y,,,,,
unchanged,617,372905,Approach,22000,NZ461514,NZ461514 - Te Anamahanga / Port Gore,1,,0,20171129,22000,174.165,-41.0733333,174.2316667,-41.0283333,19,,,NZ461514 -,Active,Y,,,,,
unchanged,740,544905,Approach,22000,NZ461531,NZ461531 - Queen Charlotte Sound / Totaranui - Kurakura Point to Cape Koamaru,3,,2,20190916,22000,174.1116665,-41.2,174.4033335,-41.0849999,18,,,NZ461531 -,Active,Y,,,,,
unchanged,739,496902,Approach,22000,NZ461532,NZ461532 - Queen Charlotte Sound / Totaranui And Tory Channel / Kura Te Au,4,,0,20190211,22000,173.9,-41.29,174.4033335,-41.2,18,,,NZ461532 -,Active,Y,,,,,
unchanged,736,491904,Approach,22000,NZ462122,NZ462122 - KAIKOURA PENINSULA,4,,0,20190204,22000,173.55,-42.4916667,173.7783331,-42.3166666,19,,,NZ462122 -,Active,Y,,,,,
unchanged,666,403901,Approach,22000,NZ462123,NZ462123 - Te Whanganui / Port Underwood,1,,0,20180222,22000,174.06,-41.3833333,174.2650003,-41.2816667,19,,,NZ462123 -,Active,Y,,,,,
unchanged,546,315901,Approach,22000,NZ469121,NZ469121 - Stewart Island/Rakiura - Port Pegasus/Pikihatiti,1,,0,20170607,22000,167.4916667,-47.3066667,167.8283333,-47.1333333,18,,,NZ469121 -,Active,Y,,,,,
unchanged,548,571902,Approach,22000,NZ469122,NZ469122 - Stewart Island/Rakiura - Port Adventure and Lords River/ Tukaekawetoweto,1,,2,20200302,22000,167.9966667,-47.1666667,168.3333334,-46.9916667,18,,,NZ469122 -,Active,Y,,,,,
unchanged,551,320901,Approach,22000,NZ469123,NZ469123 - Stewart Island/Rakiura - Easy Harbour,1,,0,20170515,22000,167.5,-47.1916667,167.5916668,-47.125,18,,,NZ469123 -,Active,Y,,,,,
unchanged,538,516902,Harbour,4000,NZ500057,NZ500057 - Castle Point Anchorage,2,,3,20190329,12000,176.2116719,-40.913326,176.2424893,-40.8866626,22,,,NZ500057 -,Active,Y,,,,,
unchanged,759,509904,Harbour,12000,NZ500232,NZ500232 - Tapuaeharuru Bay,1,,0,20200610,12000,175.985,-38.7466667,176.0966667,-38.6733333,21,,,NZ500232 -,Active,Y,,,,,
unchanged,826,591902,Harbour,12000,NZ500252,NZ500252 - Frankton Arm to Queenstown Bay,1,,0,20200608,12000,168.6375,-45.0541667,168.7416667,-45.0133333,21,,,NZ500252 -,Active,Y,,,,,
unchanged,788,555905,Harbour,4000,NZ500542,NZ500542 - Ohiwa Harbour Entrance,3,,0,20191126,22000,177.1000032,-38.0000026,177.1666681,-37.9791705,20,,,NZ500542 -,Active,Y,,,,,
unchanged,565,339901,Harbour,4000,NZ500955,NZ500955 - Arutanga Anchorage,2,,0,20170614,12000,-159.8231317,-18.8756434,-159.7931317,-18.8430433,22,,,NZ500955 -,Active,Y,,,,,
unchanged,603,367917,Harbour,4000,NZ502411,NZ502411 - Ho Ho Bay,1,,0,20170925,4000,166.6041671,-48.0275,166.6256665,-48.0191672,24,,,NZ502411 -,Active,Y,,,,,
unchanged,488,201901,Harbour,4000,NZ504212,NZ504212 - Bar and Entrance,1,,0,20160913,12000,173.3283333,-35.5566667,173.3916667,-35.5066667,21,,,NZ504212 -,Active,Y,,,,,
unchanged,698,449902,Harbour,4000,NZ504314,NZ504314 - Manukau Harbour-LPG Terminal Approaches,3,,0,20180705,12000,174.8235164,-37.0398663,174.8293494,-37.0359835,23,,,NZ504314 -,Active,Y,,,,,
unchanged,700,449904,Harbour,4000,NZ504315,NZ504315 - NZ4315 - Approaches to Onehunga,3,,0,20180706,12000,174.5983331,-37.0316669,174.7966668,-36.9266669,21,,,NZ504315 -,Active,Y,,,,,
unchanged,743,502909,Harbour,4000,NZ504421,NZ504421 - Raglan Harbour (Whaingaroa),2,,0,20190315,12000,174.7983333,-37.8283347,174.8883333,-37.7766667,22,,,NZ504421 -,Active,Y,,,,,
unchanged,798,564902,Harbour,4000,NZ504423,NZ504423 - Kawhia Harbour,2,,0,20200518,12000,174.6816667,-38.14,174.825,-38.0566666,21,,,NZ504423 -,Active,Y,,,,,
unchanged,756,508905,Harbour,4000,NZ504432,NZ504432 - PORT TARANAKI,2,,0,20190521,8000,173.9978333,-39.065,174.0576667,-39.03,23,,,NZ504432 -,Active,Y,,,,,
unchanged,832,595902,Harbour,4000,NZ504541,NZ504541 - Approaches to Wanganui,2,,0,20200512,12000,174.9383333,-39.9833333,175.0516668,-39.9216666,22,,,NZ504541 -,Active,Y,,,,,
unchanged,853,633904,Harbour,4000,NZ504632,NZ504632 - Approaches to Porirua Harbour,3,,0,20200803,12000,174.755,-41.1183333,174.8749999,-41.0516667,22,,,NZ504632 -,Active,Y,,,,,
unchanged,625,465903,Harbour,4000,NZ505121,NZ505121,2,,1,20181025,12000,173.80256,-35.057,174.0166667,-34.9433333,21,,,NZ505121 -,Active,Y,,,,,
unchanged,418,624905,Harbour,4000,NZ505124,NZ505124 - Approaches to Opua,1,,4,20200701,12000,174.0708333,-35.3266665,174.1916667,-35.24,22,,,NZ505124 -,Active,Y,,,,,
unchanged,705,653908,Harbour,4000,NZ505214,NZ505214-Approaches to Marsden Point,6,,5,20201105,12000,174.4266666,-35.9166667,174.6216666,-35.815,21,,,NZ505214 -,Active,Y,,,,,
unchanged,742,638903,Harbour,4000,NZ505215,NZ505215 - Whangarei Harbour,6,,1,20200902,12000,174.3116666,-35.8333333,174.5066665,-35.7199999,21,,,NZ505215 -,Active,Y,,,,,
unchanged,860,653909,Harbour,4000,NZ505216,"NZ505216 - North Island - East Coast- Poor Knights Islands, High Peak Rocks and Sugarloaf Rock",2,,1,20201105,12000,174.6666667,-35.5933333,174.805,-35.4166667,21,,,STED:3.1.3,Active,Y,,,,,
unchanged,563,463901,Harbour,4000,NZ505223,NZ505223 - Great Barrier Island (Northwestern Part),3,,1,20181010,22000,175.2533333,-36.2333333,175.4283333,-36.0133333,20,,,NZ505223 -,Active,Y,,,,,
unchanged,559,329901,Harbour,4000,NZ505224,NZ505224 - Great Barrier Island (Southern Part),2,,0,20170608,22000,175.2533333,-36.3583333,175.525,-36.2166667,20,,,NZ505224 -,Active,Y,,,,,
unchanged,396,60101,Harbour,4000,NZ505314,NZ505314 - Mercury Islands,1,,1,20150826,22000,175.7125,-36.7108333,175.9866667,-36.565,20,,,NZ505314 -,Active,Y,,,,,
unchanged,406,555903,Harbour,4000,NZ505315,NZ505315 - - Mercury Bay,2,,2,20191125,22000,175.7125,-36.84,175.9866667,-36.7108333,20,,,NZ505315 -,Active,Y,,,,,
unchanged,485,555902,Harbour,4000,NZ505316,NZ505316 - Whitianga Harbour,2,,2,20191125,8000,175.6783333,-36.8608333,175.7333333,-36.8033333,23,,,NZ505316 -,Active,Y,,,,,
current,687,636903,Harbour,4000,NZ505322,North Island - East Coast - Auckland Harbour East,4,20180607,6,20200817,12000,174.73528,-36.8625,174.86667,-36.72667,,,,,,,,,,,
update,874,655904,,,NZ505322,NZ505322 - Auckland Harbour - East,5,,0,20201111,12000,174.7352778,-36.8625,174.8666667,-36.7266667,21,,,NZ505322 -,Active,Y,,,,,
current,226,251902,Harbour,4000,NZ505323,North Island - East Coast - Auckland Harbour West,3,20120720,3,20170111,12000,174.595,-36.86333,174.78994,-36.75833,,,,,,,,,,,
update,876,656902,,,NZ505323,NZ505323 - Auckland Harbour - West,4,20120720,0,20201111,12000,174.595,-36.8633333,174.7899376,-36.7583333,21,,,NZ505323 -,Active,Y,,,,,
unchanged,663,550902,Harbour,4000,NZ505325,NZ505325 - TAMAKI RIVER,3,,2,20191014,12000,174.8383333,-36.95,174.925,-36.8233333,22,,,NZ505325 -,Active,Y,,,,,
unchanged,561,551904,Harbour,4000,NZ505328,NZ505328 - NZ5328 - Coromandel Harbour,2,,3,20191025,12000,175.3750034,-36.875,175.5166633,-36.6983318,21,,,NZ505328 -,Active,Y,,,,,
unchanged,470,635905,Harbour,4000,NZ505571,NZ505571 - Gisborne Harbour and Entrance,2,,5,20200813,8000,177.9835,-38.7,178.0335,-38.6683333,23,,,NZ505571 -,Active,Y,,,,,
unchanged,702,622903,Harbour,4000,NZ505612,NZ505612 - NZ5612 - Napier Roads,5,,2,20200622,22000,176.8633306,-39.4816614,177.0466694,-39.3549983,20,,,NZ505612 -,Active,Y,,,,,
unchanged,408,463903,Harbour,4000,NZ506141,NZ506141 - NZ614 - Tasman Bay - Mapua,2,,1,20181010,12000,173.0966667,-41.2633333,173.1433333,-41.2366667,21,,,NZ506141 -,Active,N,,,,,
unchanged,409,61001,Harbour,4000,NZ506142,NZ506142 - South Island - North Coast - Tasman Bay - Port Motueka,3,,0,20150916,12000,173.0166667,-41.1566667,173.06,-41.1316667,21,,,NZ506142 -,Active,N,,,,,
unchanged,619,477905,Harbour,4000,NZ506151,NZ506151 - Te Aumiti / French Pass,1,,1,20181130,8000,173.8083333,-40.9333368,173.8516655,-40.9133373,23,,,NZ506151 -,Active,Y,,,,,
unchanged,630,539902,Harbour,4000,NZ506152,NZ506152 - Havelock,1,,1,20190807,12000,173.7633202,-41.2833303,173.8105294,-41.2533191,22,,,NZ506152 -,Active,Y,,,,,
unchanged,783,645902,Harbour,4000,NZ506321,NZ506321 - Lyttelton Harbour/Whakaraupo,4,,3,20200928,22000,172.6346669,-43.69,172.9368334,-43.5483333,20,,,NZ506321 -,Active,Y,,,,,
unchanged,508,237901,Harbour,4000,NZ506324,NZ406324 - NZ6324 - South Island - East Coast - Akaroa Harbour - French Bay,4,,0,20161205,12000,172.9425,-43.8166667,172.97,-43.7966667,22,,,NZ506324 -,Active,Y,,,,,
unchanged,454,580902,Harbour,4000,NZ506422,NZ506422 - Timaru Harbour,2,,4,20200330,8000,171.2421663,-44.4050008,171.2843338,-44.3650006,24,,,NZ506422 -,Active,Y,,,,,
unchanged,459,148901,Harbour,4000,NZ506433,NZ506433 - OAMARU HARBOUR,1,,0,20160527,8000,170.955,-45.1381667,171.0166669,-45.08167,23,,,NZ506433 -,Active,Y,,,,,
unchanged,692,559905,Harbour,4000,NZ506612,NZ506612 - Otago Harbour,3,,2,20200106,12000,170.4935,-45.8951668,170.7435001,-45.7401667,22,,,NZ506612 -,Active,Y,,,,,
unchanged,558,350902,Harbour,4000,NZ506821,NZ506821 - Bluff Harbour and Entrance,3,,1,20170705,12000,168.3183333,-46.665,168.4166667,-46.5655125,22,,,NZ506821 -,Active,Y,,,,,
unchanged,553,570903,Harbour,4000,NZ506825,Stewart Island - Horseshoe Bay to Prices Inlet,2,,1,20200228,12000,168.0386667,-46.94,168.18,-46.8683333,22,,,NZ506825 -,Active,Y,,,,,
update,843,614902,,,NZ507132,NZ507132 -  Wesport Harbour,2,,0,20201007,8000,171.5761666,-41.7566676,171.6025003,-41.7041668,24,,,NZ507132 -,Active,Y,,,,,
unchanged,865,647905,Harbour,4000,NZ507132,NZ507132 -  Wesport Harbour,3,,0,20201007,8000,171.5761666,-41.7566676,171.6025003,-41.7041668,24,,,NZ507132 -,Active,Y,,,,,
unchanged,850,653905,Harbour,4000,NZ507142,NZ507142-Greymouth Hbr,3,,1,20201105,8000,171.1583334,-42.4666704,171.2200002,-42.4250014,23,,,STED:3.1.3,Active,Y,,,,,
unchanged,93,63101,Harbour,4000,NZ507621,NZ507621 - NZ7621 - South Island - Milford Sound / Piopiotahi,1,20100414,1,20160406,22000,167.735,-44.7,167.935,-44.48,20,,,NZ507621 -,Active,N,,,,,
update,846,618902,,,NZ507621,NZ507621 - Milford Sound/Piopiotahi,2,,0,20200613,22000,167.735,-44.7,167.935,-44.48,20,,,NZ507621 -,Active,Y,,,,,
unchanged,157,14701,Harbour,4000,NZ507624,NZ507624 - Deep Cove,1,20110527,0,20110527,8000,167.145,-45.4666667,167.1683333,-45.4516667,23,,,NZ507624 -,Active,N,,,,,
current,156,522903,Harbour,4000,NZ507625,South Island - West Coast - Thompson Sound and Doubtful Sound/Patea,1,20110526,1,20190424,22000,166.83167,-45.34667,167.03667,-45.12,,,,,,,,,,,
update,156,569904,,,NZ507625,NZ507625 - Thompson Sound and Doubtful Sound/Patea,1,20110526,2,20200227,22000,166.8316667,-45.3466667,167.0366667,-45.12,20,,,NZ507625 -,Active,N,,,,,
unchanged,126,11501,Harbour,4000,NZ507655,NZ507655 - Breaksea Sound,1,20110224,0,20110224,22000,166.4466667,-45.7083333,166.76,-45.5666667,20,,,NZ507655 -,Active,N,,,,,
unchanged,127,510904,Harbour,4000,NZ507656,NZ507656 - Dusky Sound,1,20110302,2,20190315,22000,166.4466667,-45.835,166.81,-45.7066666,20,,,NZ507656 -,Active,N,,,,,
unchanged,717,620904,Harbour,4000,NZ508215,NZ508215 - Niuatoputapu Harbour,2,,1,20200617,8000,-173.7833333,-15.945,-173.7575,-15.9216667,23,,,NZ508215 -,Active,Y,,,,,
unchanged,709,531903,Harbour,4000,NZ508225,NZ508225 - NEIAFU HARBOUR,3,,1,20190704,8000,-174.0383333,-18.6816667,-173.9775,-18.6391667,23,,,NZ508225 -,Active,Y,,,,,
unchanged,729,530902,Harbour,4000,NZ508277,NZ508277 - Nuku'alofa Harbour,3,,1,20190621,8000,-175.2116667,-21.1441667,-175.15,-21.1025,23,,,NZ508277 -,Active,Y,,,,,
unchanged,597,406902,Harbour,4000,NZ508645,NZ508645 - Salelologa Harbour,2,,2,20180308,8000,-172.2266667,-13.785,-172.1816667,-13.7283333,23,,,NZ508645 -,Active,Y,,,,,
unchanged,812,575904,Harbour,4000,NZ508655,NZ508655 - Apia Harbour,4,,0,20200316,4000,-171.785,-13.8420833,-171.7521667,-13.7983333,24,,,NZ508655 -,Active,Y,,,,,
unchanged,664,401902,Harbour,4000,NZ509451,NZ509451 - Lagoon Entrance,2,,0,20180220,22000,-163.1158084,-13.2644783,-163.0891413,-13.2273113,20,,,NZ509451 -,Active,Y,,,,,
unchanged,673,415902,Harbour,4000,NZ509453,NZ509453 - NZ945 - South Pacific Ocean - Cook Islands - Taruia Passage to Gudgeon Bay,4,,0,20180413,12000,-158.0588333,-8.9833333,-158.0283333,-8.952,22,,,NZ509453 -,Active,Y,,,,,
unchanged,685,434901,Harbour,4000,NZ509558,NZ509558 - Approaches to Avatiu and Avarua Harbours,4,,0,20180605,8000,-159.8024917,-21.21611,-159.7475,-21.1767833,23,,,NZ509558 -,Active,Y,,,,,
unchanged,343,45401,Harbour,4000,NZ514903,NZ514903 - Scott Island,1,,0,20140117,22000,-179.975,-67.4033333,-179.8516667,-67.3533333,20,,,NZ514903 -,Active,Y,,,,,
unchanged,354,47101,Harbour,4000,NZ514961,NZ514961 - Ridley Beach,1,,0,20140210,12000,170.1566667,-71.3166667,170.225,-71.2883333,22,,,NZ514961 -,Active,Y,,,,,
unchanged,352,46901,Harbour,4000,NZ514962,NZ514962 - Seabee Hook,1,,0,20140210,12000,170.1666667,-72.3333333,170.2443333,-72.3,22,,,NZ514962 -,Active,Y,,,,,
unchanged,829,592903,Harbour,8000,NZ523251,NZ523251 - Plans in Lake Taupo (Taupomoana) - Motuoapa Bay,1,,0,20200610,8000,175.86,-38.9333333,175.8883333,-38.9166667,23,,,NZ523251 -,Active,Y,,,,,
unchanged,830,592904,Harbour,12000,NZ523252,NZ523252 - Plans in Lake Taupo (Taupomoana) - Waihi Bay,1,,0,20200610,12000,175.74,-38.96,175.7966667,-38.9266667,21,,,NZ523252 -,Active,Y,,,,,
unchanged,375,395904,Harbour,4000,NZ526831,NZ526831 - Ocean Bay,1,,1,20180124,12000,-176.7966667,-43.8508333,-176.7528333,-43.8196667,22,,,NZ526831 -,Active,Y,,,,,
unchanged,376,395905,Harbour,4000,NZ526832,NZ526832 - Port Hutt_2,1,,1,20180124,8000,-176.7166667,-43.8365,-176.6816667,-43.8058333,23,,,NZ526832 -,Active,N,,,,,
unchanged,337,395909,Harbour,4000,NZ526851,NZ526851 - Kaingaroa Harbour,1,,1,20180124,8000,-176.2825,-43.7383333,-176.2466667,-43.7185,23,,,NZ526851 -,Active,Y,,,,,
unchanged,369,459908,Harbour,4000,NZ526852,NZ526852 - Waitangi Bay,1,,5,20180821,8000,-176.575,-43.955,-176.5316667,-43.9141667,23,,,NZ526852 -,Active,Y,,,,,
unchanged,377,395902,Harbour,4000,NZ526871,NZ526871 - Owenga,1,,1,20180124,8000,-176.38,-44.03,-176.3416667,-44,23,,,NZ526871 -,Active,N,,,,,
unchanged,372,395901,Harbour,4000,NZ526872,NZ526872 - Flower Pot,1,,1,20180124,8000,-176.260833,-44.245,-176.22,-44.215,23,,,NZ526872 -,Active,N,,,,,
unchanged,390,553905,Harbour,4000,NZ546341,NZ546341 - Entrance to Wellington Harbour,3,,3,20191111,12000,174.8051667,-41.365,174.8738333,-41.2941116,22,,,NZ546341 -,Active,Y,,,,,
unchanged,387,55001,Harbour,4000,NZ546343,NZ546343 Point Howard and Seaview Wharves,2,,0,20141216,4000,174.89045,-41.2622833,174.906,-41.2471667,24,,,NZ546343 -,Active,Y,,,,,
unchanged,391,495902,Harbour,4000,NZ546344,NZ546344 - Lambton Harbour,1,,4,20190204,4000,174.7776667,-41.2921834,174.8037834,-41.25245,24,,,NZ546344 -,Active,Y,,,,,
unchanged,388,55101,Harbour,4000,NZ546345,NZ546345 - Evans Bay,1,,0,20141216,4000,174.7968334,-41.31745,174.8232167,-41.2935833,24,,,NZ546345 -,Active,Y,,,,,
unchanged,500,413901,Harbour,4000,NZ551111,NZ551111 - Mangonui Harbour,1,,1,20180329,8000,173.5216667,-34.9933333,173.5416667,-34.975,23,,,NZ551111 -,Active,Y,,,,,
unchanged,502,225901,Harbour,4000,NZ551112,NZ551112 - Whangaruru Harbour,1,,0,20161025,22000,174.2983333,-35.3966667,174.4249999,-35.3133333,20,,,NZ551112 -,Active,Y,,,,,
unchanged,533,273901,Harbour,4000,NZ551131,NZ551131 - Houhora Harbour,1,,0,20170323,22000,173.1166667,-34.8333333,173.1766667,-34.81,20,,,NZ551131 -,Active,Y,,,,,
unchanged,534,274901,Harbour,4000,NZ551132,NZ551132 - Awanui River,1,,0,20170323,12000,173.225,-35.04,173.3166667,-34.9708333,21,,,NZ551132 -,Active,Y,,,,,
unchanged,494,503902,Harbour,4000,NZ552121,NZ552121 - Tutukaka Harbour,1,,2,20190226,12000,174.5235,-35.6265,174.5493333,-35.6065,22,,,NZ552121 -,Active,Y,,,,,
unchanged,495,212901,Harbour,4000,NZ552122,NZ552122 - Whangamumu Harbour,1,,0,20161026,12000,174.2925,-35.2564996,174.3256667,-35.2314999,22,,,NZ552122 -,Active,Y,,,,,
unchanged,704,630902,Harbour,4000,NZ552171,NZ552171 - Northport,1,,2,20200722,4000,174.4769167,-35.8405,174.5108333,-35.827,24,,,NZ552171 -,Active,Y,,,,,
unchanged,720,638902,Harbour,4000,NZ552172,NZ552172 - Portland Reach,1,,1,20200902,8000,174.3455,-35.8041667,174.3758333,-35.7741667,23,,,NZ552172 -,Active,Y,,,,,
unchanged,721,493902,Harbour,4000,NZ552173,NZ552173 - Port Whangarei,1,,1,20190129,8000,174.3233333,-35.77,174.3533334,-35.7216667,23,,,NZ552173 -,Active,Y,,,,,
unchanged,773,632902,Harbour,4000,NZ554121,NZ554121 - Port of Tauranga,1,,1,20200804,8000,176.1216667,-37.6907333,176.1975,-37.5911667,23,,,NZ554121 -,Active,Y,,,,,
unchanged,775,536902,Harbour,4000,NZ554122,NZ554122-Port of Tauranga-Western Channel,1,,0,20190725,12000,176.048334,-37.6579167,176.1216667,-37.6188333,21,,,NZ554122 -,Active,Y,,,,,
unchanged,751,507907,Harbour,4000,NZ561441,NZ561441 - Port Golden Bay (Tarakohe),2,,0,20190522,8000,172.8866667,-40.8276291,172.9033333,-40.815,23,,,NZ561441 -,Active,Y,,,,,
unchanged,715,473906,Harbour,4000,NZ561541,NZ561541 - Tory Channel / Kura Te Au Entrance,3,,0,20181123,8000,174.2783333,-41.2531667,174.3683334,-41.1908333,23,,,NZ561541 -,Active,Y,,,,,
unchanged,714,473904,Harbour,4000,NZ561542,NZ561542 – Picton Harbour,3,,0,20181123,8000,173.9933333,-41.2933333,174.0266667,-41.255,23,,,NZ561542 -,Active,Y,,,,,
unchanged,734,491902,Harbour,4000,NZ562121,NZ562121 - Ingles Bay,2,,0,20190214,8000,173.6916667,-42.419434,173.7166668,-42.4055502,23,,,NZ562121 -,Active,Y,,,,,
unchanged,735,491903,Harbour,4000,NZ562122,NZ562122 - SOUTH BAY,4,,0,20190204,8000,173.6666667,-42.4347167,173.6916667,-42.419434,23,,,NZ562122 -,Active,Y,,,,,
unchanged,89,489903,Harbour,4000,NZ576211,NZ576211 - NZ7621 - South Island - West Coast - Deep Water Basin and Fresh Water Basin,1,20100312,4,20190118,8000,167.9,-44.69,167.9333333,-44.6633333,23,,,NZ576211 -,Active,N,,,,,
update,847,618903,,,NZ576211,NZ576211 - Deepwater Basin and Freshwater Basin,2,,0,20200613,8000,167.9,-44.69,167.9333333,-44.6633333,23,,,NZ576211 -,Active,Y,,,,,
unchanged,155,569902,Harbour,4000,NZ576251,NZ576251 - Patea Passage (Gaol Passage),1,20110526,1,20200227,8000,166.8633334,-45.2933333,166.8933333,-45.275,23,,,NZ576251 -,Active,N,,,,,
unchanged,474,172901,Harbour,4000,NZ576541,NZ576541 - North Port,1,,0,20160701,22000,166.5316664,-45.9933334,166.6033333,-45.9666669,20,,,NZ576541 -,Active,Y,,,,,
unchanged,475,173901,Harbour,4000,NZ576542,NZ576542 - South Port,1,,0,20160701,22000,166.571667,-46.0558335,166.6149999,-46.0133349,20,,,NZ576542 -,Active,Y,,,,,
unchanged,598,406901,Harbour,4000,NZ586451,NZ586451 - Mulifanua Harbour,2,,2,20180307,8000,-172.065,-13.8416667,-172.02,-13.785,23,,,NZ586451 -,Active,Y,,,,,
unchanged,760,509905,Berthing,4000,NZ600232,NZ600232 - Waikato River Entrance,1,,0,20200610,4000,176.055,-38.6933333,176.0716667,-38.68,24,,,NZ600232 -,Active,Y,,,,,
unchanged,827,591903,Berthing,4000,NZ600252,NZ600252 - Queenstown Bay,1,,0,20200608,4000,168.6472167,-45.04305,168.6625,-45.0316667,24,,,NZ600252 -,Active,Y,,,,,
unchanged,790,555908,Berthing,1000,NZ600542,NZ600542 - Whakatane River Entrance,4,,0,20191126,4000,177.0058347,-37.9499985,177.014161,-37.9371665,24,,,NZ600542 -,Active,Y,,,,,
unchanged,672,415901,Berthing,1000,NZ600945,NZ600945  -  NZ 945  -  Penrhyn  -    TARUIA PASSAGE,3,,0,20180413,4000,-158.0535,-8.9666667,-158.045,-8.9575667,24,,,NZ600945 -,Active,Y,,,,,
unchanged,831,593902,Berthing,4000,NZ602325,NZ602325 - Plans in Lake Taupo (Taupomoana) - Boat Harbour - Kawakawa Point,1,,0,20200610,4000,175.8166667,-38.6833334,175.8228333,-38.6766667,24,,,NZ602325 -,Active,Y,,,,,
unchanged,707,459906,Berthing,1000,NZ602685,NZ602685 - Waitangi Wharf,2,,0,20180821,4000,-176.5666667,-43.95,-176.5486667,-43.94,24,,,NZ602685 -,Active,Y,,,,,
unchanged,699,449903,Berthing,1000,NZ604314,NZ604314 - Manukau Harbour-LPG Terminal,3,,0,20180705,4000,174.8235167,-37.0398667,174.82935,-37.0359833,25,,,NZ604314 -,Active,Y,,,,,
unchanged,701,449905,Berthing,1000,NZ604315,NZ604315 - Approaches to Onehunga - Onehunga Wharf,3,,0,20180706,4000,174.7793529,-36.9357034,174.7896358,-36.9315365,25,,,NZ604315 -,Active,Y,,,,,
unchanged,833,596902,Berthing,1000,NZ604541,NZ604541 -  Whanganui River Castlecliff Wharves,2,,0,20200512,4000,174.9750001,-39.9533334,175.0016673,-39.9433334,24,,,NZ604541 -,Active,Y,,,,,
unchanged,420,64501,Berthing,1000,NZ605124,NZ605124 - Opua Wharf,1,,1,20151125,4000,174.115834,-35.3149972,174.1266667,-35.3074994,24,,,NZ605124 -,Active,Y,,,,,
unchanged,417,624903,Berthing,1000,NZ605125,NZ605125 - Waitangi,1,,1,20200701,4000,174.0793333,-35.2758333,174.095,-35.26075,24,,,NZ605125 -,Active,Y,,,,,
unchanged,493,210901,Berthing,1000,NZ605212,NZ605212 - Omaha Cove,1,,0,20161013,4000,174.8002667,-36.3023501,174.8310168,-36.2831832,24,,,NZ605212 -,Active,Y,,,,,
unchanged,481,622902,Berthing,1000,NZ605612,NZ605612 Napier Harbour,4,,4,20200622,4000,176.8807375,-39.4871333,176.9357478,-39.4583387,25,,,NZ605612 -,Active,Y,,,,,
unchanged,402,597902,Berthing,1000,NZ606142,Nelson Harbour,2,,1,20200511,4000,173.2401388,-41.275,173.2854167,-41.2483333,24,,,NZ606142 -,Active,N,,,,,
unchanged,782,560903,Berthing,1000,NZ606321,NZ606321-South Island-Port of Lyttelton,4,,2,20200121,4000,172.706998,-43.6155005,172.7341664,-43.6028334,24,,,NZ606321 -,Active,Y,,,,,
unchanged,154,14501,Berthing,1000,NZ607625,NZ607625 - Neck Cove and Deas Cove,1,20110526,0,20110526,4000,166.9683333,-45.2,166.98,-45.1833333,24,,,NZ607625 -,Active,N,,,,,
unchanged,719,620905,Berthing,1000,NZ608215,NZ608215 - NIUATOPUTAPU HARBOUR ENTRANCE,2,,1,20200617,3000,-173.7625,-15.9333333,-173.7583333,-15.9208333,25,,,NZ608215 -,Active,Y,,,,,
unchanged,569,346901,Berthing,1000,NZ609558,NZ609558 - NZ9558 - Avatiu Harbour,2,,0,20170622,3000,-159.7862056,-21.2062778,-159.7819806,-21.2015,25,,,NZ609558 -,Active,Y,,,,,
update,345,469902,,,NZ614902,NZ614902 – McMurdo Station and Scott Base,1,,1,20181112,4000,166.5683333,-77.8675,166.7783333,-77.8391667,24,,,NZ614902 -,Active,Y,,,,,
unchanged,784,549902,Berthing,1000,NZ614902,NZ614902 - McMurdo Station and Scott Base,2,,0,20191017,4000,166.5683333,-77.8675,166.7783333,-77.8391667,24,,,NZ614902 -,Active,Y,,,,,
unchanged,627,378901,Berthing,1000,NZ641111,NZ641111 - North West Bay,2,,0,20180103,4000,172.1301034,-34.1544316,172.144917,-34.144643,24,,,NZ641111 -,Active,Y,,,,,
unchanged,628,378902,Berthing,1000,NZ641112,NZ641112 South East Bay,2,,0,20180103,4000,172.1426067,-34.1606227,172.1533281,-34.1508348,24,,,NZ641112 -,Active,Y,,,,,
current,777,636902,Berthing,1000,NZ653221,North Island - East Coast - Auckland Harbour East - Commercial Harbour,4,20190802,1,20200817,4000,174.756,-36.84567,174.78683,-36.83683,,,,,,,,,,,
update,869,649903,,,NZ653221,NZ653221- Auckland Harbour East-Commercial Harbour,5,,0,20201109,4000,174.756,-36.8456667,174.7868333,-36.8368333,25,,,NZ653221 -,Active,Y,,,,,
current,689,437901,Berthing,1000,NZ653222,North Island - East Coast - Auckland Harbour East - Calliope Wharves,3,20180607,0,20180607,4000,174.775,-36.8345,174.789,-36.82733,,,,,,,,,,,
update,875,655905,,,NZ653222,NZ653222 - Calliope Wharves_,4,,0,20201109,4000,174.775,-36.8345,174.789,-36.8273333,25,,,STED:3.1.3,Active,Y,,,,,
unchanged,227,25801,Berthing,1000,NZ653231,NZ653231 - Kauri Point Wharf,2,20120720,0,20120720,4000,174.69,-36.8288333,174.7083333,-36.82,25,,,NZ653231 -,Active,N,,,,,
update,872,652902,,,NZ653231,NZ653231 - Auckland Harbour West - Kauri Point Wharf,3,,0,20201021,4000,174.69,-36.8288333,174.7083333,-36.82,25,,,STED:3.1.3,Active,Y,,,,,
update,873,655903,,,NZ653231,NZ653231 - Auckland Harbour West - Kauri Point Wharf,4,,0,20201021,4000,174.69,-36.8288333,174.7083333,-36.82,25,,,STED:3.1.3,Active,Y,,,,,
current,228,251901,Berthing,1000,NZ653232,North Island - East Coast - Auckland Harbour West - Chelsea Wharf,2,20120720,1,20170111,4000,174.71667,-36.8305,174.735,-36.82167,,,,,,,,,,,
update,871,650903,,,NZ653232,NZ653232 - Auckland Harbour West __Chelsea Wahrf,3,,0,20201109,4000,174.7166667,-36.8305,174.735,-36.8216667,25,,,STED:3.1.3,Active,Y,,,,,
unchanged,713,473903,Berthing,1000,NZ661542,NZ661542 - PICTON WHARVES,3,,0,20181123,3000,174.0033334,-41.2864167,174.0081166,-41.2812334,25,,,NZ661542 -,Active,Y,,,,,
unchanged,693,559904,Berthing,1000,NZ666121,NZ666121 - NZ6612 - Port Chalmers,3,,2,20200106,8000,170.6237009,-45.8164498,170.633966,-45.8072672,24,,,NZ666121 -,Active,Y,,,,,
unchanged,694,447904,Berthing,1000,NZ666122,NZ666122 - NZ6612 - Dunedin Wharves,3,,0,20180621,8000,170.5050837,-45.8833994,170.5284344,-45.8733999,23,,,NZ666122 -,Active,Y,,,,,
unchanged,560,351901,Berthing,1000,NZ668211,NZ668211 - Port of Bluff,2,,1,20170706,4000,168.32,-46.6001667,168.3535,-46.5858333,24,,,NZ668211 -,Active,Y,,,,,
unchanged,359,48701,Berthing,1000,NZ695581,NZ695581 - Arorangi Reef Passage,1,,0,20140319,2000,-159.8328,-21.23275,-159.8281333,-21.2315,25,,,NZ695581 -,Active,N,,,,,
unchanged,802,565905,Coastal,90000,TO300501,TO300501-South Pacific Ocean-Tonga - Approaches to Tongatapu Including ‘Eua,1,,0,20200330,90000,-175.7166667,-21.4833333,-174.7666667,-20.9,15,,,TO300501-S,Active,Y,,,,,
unchanged,803,566902,Approach,22000,TO400503,TO400503-South Pacific Ocean-Tonga-Nuku’alofa Harbour to Port Ohonua,1,,0,20200330,45000,-175.19,-21.3625,-174.9125,-21.0833333,17,,,TO400503-S,Active,Y,,,,,
unchanged,806,631902,Harbour,4000,TO500403,TO500403 - South Pacific Ocean - Tonga - Ha'afeva and Nomuka,1,,1,20200814,22000,-174.8549869,-20.35832,-174.6766763,-19.9100029,20,,,TO500403 -,Active,Y,,,,,
unchanged,805,567903,Harbour,4000,TO500404,TO50404-South Pacific Ocean-Tonga-Approaches to Lifuka,1,,0,20200331,12000,-174.43,-19.86593,-174.34,-19.73667,22,,,TO500404-S,Active,Y,,,,,
unchanged,800,565903,Harbour,4000,TO500503,TO500503-South Pacific Ocean-Tonga-Port Ohonua,1,,0,20200424,8000,-174.9821667,-21.359,-174.9438333,-21.3245,23,,,TO500503-S,Active,Y,,,,,
unchanged,804,567902,Harbour,4000,TO504041,TO504041-South Pacific Ocean-Tonga-Ava Limu Moto Entrance,1,,0,20200330,8000,-174.38,-19.81333,-174.35,-19.8,23,,,TO504041-S,Active,Y,,,,,
